Shop,Room 12,Central Hall
Central Hall,Room 39,Room 12,Room 30
Room 66,Room 65
Room 65,Room 66,Room 64,Room 57
Room 64,Room 65,Room 63
Room 63,Room 64,Room 62,Room 59
Room 62,Room 63,Room 61
Room 61,Room 62,Room 60
Room 60,Room 51,Room 61,Room 59
Room 59,Room 60,Room 63,Room 53,Room 58
Room 58,Room 57,Room 59
Room 57,Room 65,Room 55,Room 58
Room 56,Room 55
Room 55,Room 56,Room 54,Room 57
Room 54,Room 55,Room 53
Room 53,Room 59,Room 54,Room 52
Room 52,Room 51,Room 53
Room 51,Room 9,Room 52,Room 60
Room 46,Room 45
Room 45,Room 44,Room 46
Room 44,Room 45,Room 43,Room 40
Room 43,Room 44,Room 42
Room 42,Room 43,Room 41
Room 41,Room 34,Room 42
Room 40,Room 44,Room 36
Room 39,Central Hall,Room 38
Room 38,Room 39, Room 36
Room 36,Room 38,Room 37,Room 35,Room 40
Room 37,Room 32,Room 36
Room 35,Room 36,Room 34
Room 34,Room 33,Room 41
Room 33,Room 34,Room 32
Room 32,Room 37,Room 33,Room 30
Room 31,Room 30
Room 30,Central Hall,Room 29,Room 32,Room 31
Room 29,Room 30,Room 14,Room 28,Room 15
Room 28,Room 27,Room 29,Room 25
Room 27,Room 26,Room 28
Room 26,Room 27,Room 18
Room 25,Room 28,Room 24
Room 24,Room 25,Room 23,Room 18
Room 23,Room 24,Room 22
Room 22,Room 23,Room 18
Room 21,Room 18,Room 20
Room 20,Room 19,Room 21
Room 19,Room 20,Room 18
Room 18,Room 19,Room 24,Room 22,Room 22,Room 15,Room 26
Room 17a,Room 17
Room 17,Room 15,Room 17a,Room 18
Room 16,Room 17,Room 15
Room 15,Room 16,Room 17,Room 29,Room 9,Room 18,Room 26
Room 14,Room 29,Room 11
Room 12,Room 11,Central Hall,Shop
Room 11,Room 14,Room 10,Room 12,Room 5
Room 10,Room 9,Room 11
Room 9,Room 8,Room 15,Room 16
Room 8,Room 9,Room 7,Room 6
Room 7,Room 8,Room 6
Room 6,Room 8,Room 7,Room 4
Room 5,Room 11,Room 4
Room 4,Room 6,Room 2,Room 5
Room 2,Room 4,Room 1
Room 1,Room 2
